{
  "val": {
    "accuracy": 0.8767295597484277,
    "macro_f1": 0.23468013468013468
  },
  "test": {
    "accuracy": 0.8654109589041096,
    "macro_f1": 0.23607248757813754
  },
  "per_case": {
    "8": {
      "accuracy": 0.9753846153846154,
      "macro_f1": 0.29246131276323883
    },
    "9": {
      "accuracy": 0.8340486409155937,
      "macro_f1": 0.3031721268850754
    },
    "10": {
      "accuracy": 0.4588235294117647,
      "macro_f1": 0.31451612903225806
    },
    "11": {
      "accuracy": 1.0,
      "macro_f1": 1.0
    }
  }
}