{
  "window": {
    "accuracy": 0.8815068493150685,
    "macro_f1": 0.3684380831978809,
    "weighted_f1": 0.8424537312500463
  },
  "file": {
    "accuracy": 0.9285714285714286,
    "macro_f1": 0.8133333333333332,
    "weighted_f1": 0.9180952380952381
  },
  "folder11_false_alarm_rate": 0.0
}