{
  "accuracy": 0.9203539823008849,
  "macro_f1": 0.38829039812646365,
  "n": 226,
  "test_case": 4
}