{
  "accuracy": 0.9975629569455727,
  "macro_f1": 0.9949318444078031,
  "roc_auc": {
    "Normal": 0.9957420857127016,
    "Inner Ring": 0.9998948819173538,
    "Ball": 1.0,
    "Outer Ring": 0.9975901291690765
  },
  "avg_prec": {
    "Normal": 0.9988111397503796,
    "Inner Ring": 0.9982847486984978,
    "Ball": 1.0,
    "Outer Ring": 0.991943540330637
  },
  "ece": 0.3005700900612302,
  "ood_auroc": 0.8006465397327042,
  "fa_rate": 0.0136986301369863,
  "ablation": {
    "Full Model": 0.9949318444078031,
    "w/o Signal": 0.3499079315058387,
    "w/o Tabular": 0.5890288531572614,
    "w/o Metadata": 0.7529293062841245
  }
}