{
  "accuracy": 0.7787610619469026,
  "macro_f1": 0.22797927461139897,
  "n": 226,
  "test_case": 5
}