{
  "accuracy": 0.31504702194357365,
  "macro_f1": 0.16203143893591293,
  "n": 638,
  "test_case": 2
}