{
  "validation": {
    "accuracy": 0.9762340036563071,
    "macro_f1": 0.9627703538728039
  },
  "test_overall": {
    "accuracy": 0.6497224656733859,
    "macro_f1": 0.33506360361635346
  },
  "test_per_case": {
    "7": {
      "acc": 0.2238993710691824,
      "macro_f1": 0.1427041862709615,
      "n": 795
    },
    "8": {
      "acc": 0.9671794871794872,
      "macro_f1": 0.29486024572729774,
      "n": 975
    },
    "9": {
      "acc": 0.7045779685264664,
      "macro_f1": 0.32632792840855257,
      "n": 1398
    },
    "10": {
      "acc": 0.4627450980392157,
      "macro_f1": 0.365106769650159,
      "n": 255
    }
  },
  "ood_case11": {
    "fa_rate": 0.0,
    "correct_normal": 1.0,
    "energy_ood_flag": 0.05136986301369863
  }
}