{
  "accuracy": 0.6492307692307693,
  "macro_f1": 0.32748066570109036,
  "n": 975,
  "test_case": 8
}