{
  "accuracy": 0.9886271324126726,
  "macro_f1": 0.9553523539888986,
  "roc_auc": {
    "Normal": 0.9996673504463048,
    "Inner Ring": 0.9995795276694154,
    "Ball": 1.0,
    "Outer Ring": 0.9999903605166763
  },
  "avg_prec": {
    "Normal": 0.999946655467009,
    "Inner Ring": 0.9942157753385721,
    "Ball": 1.0,
    "Outer Ring": 0.99988055422838
  },
  "ece": 0.0862389971405215,
  "ood_auroc": 0.4725415354484048,
  "fa_rate": 0.06164383561643835,
  "ablation": {
    "Full Model": 0.9553523539888986,
    "w/o Signal": 0.779415872777584,
    "w/o Tab+Order": 0.5976025150522999,
    "w/o Metadata": 0.5652720151229232
  }
}