{
  "accuracy": 0.4198855507868383,
  "macro_f1": 0.18557425009155376,
  "n": 1398,
  "test_case": 9
}