{
  "window": {
    "accuracy": 0.8770547945205479,
    "macro_f1": 0.3434151189571402,
    "weighted_f1": 0.8315711650405928
  },
  "file": {
    "accuracy": 0.8571428571428571,
    "macro_f1": 0.46153846153846156,
    "weighted_f1": 0.7912087912087912
  },
  "folder11_false_alarm_rate": 0.0
}