{
  "accuracy": 0.06037735849056604,
  "macro_f1": 0.04538344511345861,
  "n": 795,
  "test_case": 7
}