{
  "accuracy": 0.48660714285714285,
  "macro_f1": 0.26691048415186347,
  "n": 448,
  "test_case": 3
}