{
  "accuracy": 0.06981519507186858,
  "macro_f1": 0.04066985645933014,
  "n": 487,
  "test_case": 1
}