{
  "accuracy": 0.6196078431372549,
  "macro_f1": 0.4084378911377721,
  "n": 255,
  "test_case": 10
}