{"baseline": {"accuracy": 0.6290491118077325, "balanced_accuracy": 0.6360612691466083, "f1": 0.6229209791723318, "precision": 0.649205739789797, "recall": 0.6360612691466083, "label": "All Features"}, "time_domain": {"accuracy": 0.599791013584117, "balanced_accuracy": 0.6067439824945295, "f1": 0.5931795352760652, "precision": 0.6170561981091327, "recall": 0.6067439824945295, "label": "Without Time Domain"}, "spectral": {"accuracy": 0.6290491118077325, "balanced_accuracy": 0.6360612691466083, "f1": 0.6229209791723318, "precision": 0.649205739789797, "recall": 0.6360612691466083, "label": "Without Spectral"}, "physics": {"accuracy": 0.5015673981191222, "balanced_accuracy": 0.5083216630196936, "f1": 0.49333325933859806, "precision": 0.5091255938954744, "recall": 0.5083216630196936, "label": "Without Physics"}, "operating_conditions": {"accuracy": 0.6290491118077325, "balanced_accuracy": 0.6360612691466083, "f1": 0.6229209791723318, "precision": 0.649205739789797, "recall": 0.6360612691466083, "label": "Without Operating Conditions"}}