{"stage2": {"prob_true": [0.0, 1.0, 1.0], "prob_pred": [0.11648734914336734, 0.6741071284446569, 0.9409063472289716], "probas": [0.9957644056551647, 0.8816836338751095, 0.913443136487776, 0.9856395788864513, 0.9280009812403567, 0.6741071284446569, 0.07772820056520137, 0.15524649772153332], "labels": [1, 1, 1, 1, 1, 1, 0, 0]}}