folder,sensor,stage1_abnormal_ratio,rms_mean,kurtosis_mean,crest_mean,entropy_mean,bpfi_mean,bpfo_mean,bsf_mean,fault_energy_mean,stage2_label,stage3_label,stage2_pred,stage2_proba,stage3_pred
1,DS,0.9758064516129032,0.9999997716757559,5.651694840000522,6.469168376466695,0.7654547203438121,0.046916535745700254,0.010182754354159248,0.014571999827501634,0.07167128992736113,1,INNER_FAULT,1,0.9957644056551647,INNER_FAULT
1,FS,0.17777777777777778,0.9999997355319835,3.1647690720028345,4.063753346850135,0.7058689609713795,0.015245526782301852,0.013084927927061715,0.018981435197358953,0.04731188990672251,1,NONE,1,0.8816836338751095,
4,FS,0.1308411214953271,0.9999999827313646,3.0842536810402557,3.9692329646375635,0.8290324881131026,0.020757514218782372,0.014203037450926053,0.024045171518112925,0.059005723187821345,1,NONE,1,0.913443136487776,
9,DS,0.2980769230769231,0.9999999756423327,2.9383379427286296,3.6533762321515137,0.7021017619878254,0.005710119228524527,0.04691234710050225,0.019611646945026186,0.07223411327405296,1,OUTER_FAULT,1,0.9856395788864513,OUTER_FAULT
9,FS,0.3719806763285024,0.9999999769643885,3.246410098052831,3.811223737249717,0.5757034880611761,0.006471596476402471,0.013338304258778695,0.04157484284198206,0.06138474357716324,1,NONE,1,0.9280009812403567,
10,DS,0.2608695652173913,0.9999999874743862,2.978556992351145,3.7214293692741407,0.6453744456360413,0.006020919919615643,0.026542438368969704,0.009789773007395822,0.04235313129598117,1,OUTER_FAULT,1,0.6741071284446569,OUTER_FAULT
11,DS,0.05263157894736842,0.9999999686291343,2.7531790231403552,3.6318466291327844,0.5628698902704218,0.006047673995088818,0.006672820830189546,0.006563587253402998,0.019284082078681358,0,NONE,0,0.07772820056520137,
11,FS,0.0,1.0000000031370866,3.1113182619998327,3.772675424769582,0.6765075545076007,0.007952196547131439,0.008153279937205278,0.008048366632423668,0.02415384311676039,0,NONE,0,0.15524649772153332,
