{"count": 38, "stage1_abnormal_ratio": 0.02631578947368421, "stage1_mean_score": 0.41853013969641584, "stage1_accuracy": 0.9736842105263158, "stage2_correctly_external": 2, "stage2_total": 2}