{"DS": {"accuracy": 0.48466257668711654, "balanced_accuracy": 0.7066629339305711, "f1": 0.3798913043478261, "precision": 0.5311845217979048, "recall": 0.7066629339305711, "count": 489}, "FS": {"accuracy": 0.7799145299145299, "balanced_accuracy": 0.7426940639269406, "f1": 0.5797201272941279, "precision": 0.5785564724719793, "recall": 0.7426940639269406, "count": 468}}