{
  "accuracy": 0.7974504249291785,
  "macro_f1": 0.524730956972208,
  "n": 706,
  "test_case": 6
}